{
  "description": "Manual ground-plane homography calibration for front/left/right camera BEV stitching.",
  "coordinate_warning": "Runtime images/masks must have the same undistorted resolution/crop/resize as calibration images.",
  "image_sizes_wh": {
    "front_raw": [
      640,
      480
    ],
    "left_raw": [
      640,
      480
    ],
    "right_raw": [
      640,
      480
    ],
    "bev_canvas": [
      2586,
      1439
    ]
  },
  "H_front_to_bev": [
    [
      -4.054167795278296,
      -8.189696685466263,
      2572.443045048428
    ],
    [
      -0.5090167010826132,
      -16.33189113568835,
      5129.648530564948
    ],
    [
      -0.00018678981454734876,
      -0.005993184329619077,
      1.0
    ]
  ],
  "H_left_to_front": [
    [
      11.577715296903321,
      0.4272077512421217,
      -3998.063234350583
    ],
    [
      2.7670821493462396,
      5.612804162795928,
      616.9577622604561
    ],
    [
      0.019346498864887048,
      -0.007320797871874641,
      1.0
    ]
  ],
  "H_right_to_front": [
    [
      -0.10708353155250355,
      -0.14210924160190944,
      340.86886772637445
    ],
    [
      -0.3799129185066085,
      0.623149322516006,
      120.13049625191915
    ],
    [
      -0.001806892680163521,
      -0.0002581432546620499,
      1.0
    ]
  ],
  "H_left_to_bev": [
    [
      10.166273232772207,
      34.10568871233772,
      -7037.6044163948045
    ],
    [
      -24.68586450343976,
      66.35328657319052,
      1492.4343565399242
    ],
    [
      -0.00030771139824435525,
      0.02103769829415334,
      1.0
    ]
  ],
  "H_right_to_bev": [
    [
      -5.096122472620028,
      -23.99338624951356,
      955.1968689610442
    ],
    [
      -13.909464142810538,
      -52.8230407482137,
      13838.573493545022
    ],
    [
      0.0022646808576568967,
      -0.018331283655088352,
      1.0
    ]
  ],
  "manual_points": {
    "left_raw_points": [
      [
        498.0,
        287.0
      ],
      [
        520.0,
        273.0
      ],
      [
        618.0,
        137.0
      ],
      [
        448.0,
        254.0
      ],
      [
        476.0,
        246.0
      ],
      [
        548.0,
        264.0
      ],
      [
        488.0,
        316.0
      ],
      [
        475.0,
        267.0
      ],
      [
        601.0,
        387.0
      ]
    ],
    "left_matching_front_raw_points": [
      [
        222.0,
        420.0
      ],
      [
        236.0,
        396.0
      ],
      [
        269.0,
        259.0
      ],
      [
        166.0,
        420.0
      ],
      [
        192.0,
        388.0
      ],
      [
        252.0,
        363.0
      ],
      [
        222.0,
        443.0
      ],
      [
        196.0,
        419.0
      ],
      [
        319.0,
        455.0
      ]
    ],
    "right_raw_points": [
      [
        17.0,
        441.0
      ],
      [
        206.0,
        292.0
      ],
      [
        239.0,
        272.0
      ],
      [
        184.0,
        283.0
      ],
      [
        220.0,
        264.0
      ],
      [
        97.0,
        173.0
      ],
      [
        66.0,
        165.0
      ],
      [
        419.0,
        204.0
      ]
    ],
    "right_matching_front_raw_points": [
      [
        323.0,
        454.0
      ],
      [
        501.0,
        406.0
      ],
      [
        556.0,
        399.0
      ],
      [
        474.0,
        381.0
      ],
      [
        523.0,
        376.0
      ],
      [
        392.0,
        245.0
      ],
      [
        373.0,
        240.0
      ],
      [
        619.0,
        269.0
      ]
    ]
  },
  "reprojection_report_px_in_front_raw_frame": {
    "left_to_front": {
      "ransac_threshold_px": 3.0,
      "num_points": 9,
      "num_inliers": 6,
      "inlier_indices_0_based": [
        0,
        1,
        2,
        3,
        7,
        8
      ],
      "all_points": {
        "count": 9,
        "mean": 4.534485646029092,
        "median": 2.494553809240209,
        "rms": 7.297348189332907,
        "max": 17.402954242428198,
        "per_point_errors": [
          2.598417689014121,
          0.05615385164759656,
          0.01055608324701172,
          0.41377050599062754,
          6.2627113359621065,
          11.127969317349637,
          17.402954242428198,
          2.494553809240209,
          0.4432839793823138
        ]
      },
      "inliers_only": {
        "count": 6,
        "mean": 1.0027893197536466,
        "median": 0.4285272426864707,
        "rms": 1.4913944592075263,
        "max": 2.598417689014121,
        "per_point_errors": [
          2.598417689014121,
          0.05615385164759656,
          0.01055608324701172,
          0.41377050599062754,
          2.494553809240209,
          0.4432839793823138
        ]
      }
    },
    "right_to_front": {
      "ransac_threshold_px": 3.0,
      "num_points": 8,
      "num_inliers": 6,
      "inlier_indices_0_based": [
        0,
        1,
        2,
        3,
        4,
        5
      ],
      "all_points": {
        "count": 8,
        "mean": 102.13674636284763,
        "median": 0.9947124559707325,
        "rms": 285.7046680530496,
        "max": 808.0780028519013,
        "per_point_errors": [
          0.15312133074600404,
          1.297745230628893,
          0.5542761537999504,
          1.4090239527549748,
          0.6916796813125722,
          0.1456391066205818,
          4.7644825950168785,
          808.0780028519013
        ]
      },
      "inliers_only": {
        "count": 6,
        "mean": 0.7085809093104961,
        "median": 0.6229779175562613,
        "rms": 0.866005283911506,
        "max": 1.4090239527549748,
        "per_point_errors": [
          0.15312133074600404,
          1.297745230628893,
          0.5542761537999504,
          1.4090239527549748,
          0.6916796813125722,
          0.1456391066205818
        ]
      }
    }
  }
}