{
  "model": "pinhole",
  "rms_px": 1.8955029906396021,
  "image_width": 1920,
  "image_height": 1200,
  "K": [
    [
      603.9434384635882,
      0.0,
      957.1651775090515
    ],
    [
      0.0,
      602.6071245501919,
      604.1452468134844
    ],
    [
      0.0,
      0.0,
      1.0
    ]
  ],
  "dist": [
    [
      -0.0017963806769617995,
      -0.022878441672138712,
      0.0008978902080955847,
      -0.00017026855043035877,
      0.003899886220202634
    ]
  ],
  "K_readable": {
    "fx": 603.9434384635882,
    "fy": 602.6071245501919,
    "cx": 957.1651775090515,
    "cy": 604.1452468134844
  },
  "dist_readable": {
    "k1": -0.0017963806769617995,
    "k2": -0.022878441672138712,
    "p1": 0.0008978902080955847,
    "p2": -0.00017026855043035877,
    "k3": 0.003899886220202634
  },
  "board": {
    "squares_x": 11,
    "squares_y": 8,
    "square_size_m": 0.02,
    "marker_size_m": 0.015,
    "aruco_dict": "DICT_4X4_50"
  },
  "calibrated_at": "2026-06-28T20:12:06.790162",
  "note": "Camera outputs hardware-undistorted images \u2014 pinhole model used, no fisheye model needed."
}