{
  "model": "pinhole",
  "camera": "right",
  "rms_px": 0.5070,
  "image_width": 640,
  "image_height": 480,
  "K": [
    [240.55838415,   0.0,         316.37336817],
    [  0.0,         239.87891517, 237.57814892],
    [  0.0,           0.0,          1.0       ]
  ],
  "dist": [
    [0.00459668, -0.02226166, -0.00018877, 0.00039153, 0.00237481]
  ],
  "K_readable": {
    "fx": 240.55838415,
    "fy": 239.87891517,
    "cx": 316.37336817,
    "cy": 237.57814892
  },
  "dist_readable": {
    "k1":  0.00459668,
    "k2": -0.02226166,
    "p1": -0.00018877,
    "p2":  0.00039153,
    "k3":  0.00237481
  },
  "note": "Camera outputs hardware-undistorted images — pinhole model used."
}
