{
  "model": "pinhole",
  "camera": "left",
  "rms_px": 0.3812,
  "image_width": 640,
  "image_height": 480,
  "K": [
    [239.27867036,   0.0,         313.22652501],
    [  0.0,         239.14160522, 199.56241036],
    [  0.0,           0.0,          1.0       ]
  ],
  "dist": [
    [5.04971732e-03, -2.44226179e-02, -1.91567347e-04, -1.62911163e-05, 3.50694004e-03]
  ],
  "K_readable": {
    "fx": 239.27867036,
    "fy": 239.14160522,
    "cx": 313.22652501,
    "cy": 199.56241036
  },
  "dist_readable": {
    "k1":  0.00504971732,
    "k2": -0.02442261790,
    "p1": -0.00019156735,
    "p2": -0.00001629112,
    "k3":  0.00350694004
  },
  "note": "Camera outputs hardware-undistorted images — pinhole model used."
}
