{
  "model": "pinhole",
  "camera": "front",
  "rms_px": 0.5022,
  "image_width": 640,
  "image_height": 480,
  "K": [
    [240.96512449,   0.0,         302.32592954],
    [  0.0,         241.13497238, 227.27048881],
    [  0.0,           0.0,          1.0       ]
  ],
  "dist": [
    [0.00093365, -0.0139723, -0.00171518, -0.0022409, -0.00097889]
  ],
  "K_readable": {
    "fx": 240.96512449,
    "fy": 241.13497238,
    "cx": 302.32592954,
    "cy": 227.27048881
  },
  "dist_readable": {
    "k1":  0.00093365,
    "k2": -0.01397230,
    "p1": -0.00171518,
    "p2": -0.00224090,
    "k3": -0.00097889
  },
  "note": "Camera outputs hardware-undistorted images — pinhole model used."
}
